{
  "1-0.1-0.01-0.1": 1.1384051235546375,
  "1-0.1-0.01-0.2": 1.2345142523810353,
  "1-0.1-0.01-0.5": 1.2454896016078219,
  "1-0.2-0.01-0.1": 1.350033887808618,
  "1-0.2-0.01-0.2": 1.2786643702560494,
  "1-0.2-0.01-0.5": 1.186263786180739,
  "1-0.5-0.01-0.1": 1.1584606884054733,
  "1-0.5-0.01-0.2": 1.2151598295409598,
  "1-0.5-0.01-0.5": 1.2885499002634617,
  "1-0.1-0.05-0.1": 0.9172691979420418,
  "1-0.1-0.05-0.2": 1.018316861298438,
  "1-0.1-0.05-0.5": 1.0043796923841135,
  "1-0.2-0.05-0.1": 1.025097496894731,
  "1-0.2-0.05-0.2": 0.9462258761892792,
  "1-0.2-0.05-0.5": 1.0376191758812543,
  "1-0.5-0.05-0.1": 1.118361530561814,
  "1-0.5-0.05-0.2": 1.0904215231434224,
  "1-0.5-0.05-0.5": 0.9703473514249964,
  "1-0.1-0.1-0.1": 0.8150209356687759,
  "1-0.1-0.1-0.2": 0.864328531384362,
  "1-0.1-0.1-0.5": 0.8424785710082288,
  "1-0.2-0.1-0.1": 0.855578499251075,
  "1-0.2-0.1-0.2": 0.9422488060055514,
  "1-0.2-0.1-0.5": 0.7202100550433845,
  "1-0.5-0.1-0.1": 0.8584707976018187,
  "1-0.5-0.1-0.2": 0.8301324395521441,
  "1-0.5-0.1-0.5": 0.8126729847657185,
  "1-0.1-0.15-0.1": 0.7119473041708957,
  "1-0.1-0.15-0.2": 0.7716122456627366,
  "1-0.1-0.15-0.5": 0.6631702703561386,
  "1-0.2-0.15-0.1": 0.6791207125172994,
  "1-0.2-0.15-0.2": 0.7781747489440989,
  "1-0.2-0.15-0.5": 0.7215457616199263,
  "1-0.5-0.15-0.1": 0.7577194810513526,
  "1-0.5-0.15-0.2": 0.6668086972943368,
  "1-0.5-0.15-0.5": 0.6565214214387677,
  "1-0.1-0.2-0.1": 0.723052993943529,
  "1-0.1-0.2-0.2": 0.6671628940199502,
  "1-0.1-0.2-0.5": 0.7350379542817964,
  "1-0.2-0.2-0.1": 0.6985431353249942,
  "1-0.2-0.2-0.2": 0.664075564471971,
  "1-0.2-0.2-0.5": 0.6698047548751646,
  "1-0.5-0.2-0.1": 0.6959339354063474,
  "1-0.5-0.2-0.2": 0.668903239829961,
  "1-0.5-0.2-0.5": 0.6296917373035723,
  "1-0.1-0.25-0.1": 0.6762534728391499,
  "1-0.1-0.25-0.2": 0.6568377718027744,
  "1-0.1-0.25-0.5": 0.6458106964143558,
  "1-0.2-0.25-0.1": 0.6494733556902095,
  "1-0.2-0.25-0.2": 0.6703142291373898,
  "1-0.2-0.25-0.5": 0.6114980931882196,
  "1-0.5-0.25-0.1": 0.7062062788043941,
  "1-0.5-0.25-0.2": 0.6893444048957333,
  "1-0.5-0.25-0.5": 0.643772402001489,
  "3-0.1-0.01-0.1": 1.2402995659959055,
  "3-0.1-0.01-0.2": 1.2642711005681813,
  "3-0.1-0.01-0.5": 1.450528509404202,
  "3-0.2-0.01-0.1": 1.1541118666149686,
  "3-0.2-0.01-0.2": 1.23372894730461,
  "3-0.2-0.01-0.5": 1.2543556541363121,
  "3-0.5-0.01-0.1": 1.0247569624202557,
  "3-0.5-0.01-0.2": 1.153039335230999,
  "3-0.5-0.01-0.5": 1.0535072798185798,
  "3-0.1-0.05-0.1": 0.913411809131276,
  "3-0.1-0.05-0.2": 0.7850565828484004,
  "3-0.1-0.05-0.5": 0.8154318540284338,
  "3-0.2-0.05-0.1": 0.8745207243745952,
  "3-0.2-0.05-0.2": 0.7399067293374978,
  "3-0.2-0.05-0.5": 0.9184522263347139,
  "3-0.5-0.05-0.1": 0.818189339727643,
  "3-0.5-0.05-0.2": 0.8808796030285017,
  "3-0.5-0.05-0.5": 0.7575337506099956,
  "3-0.1-0.1-0.1": 0.7771058955364396,
  "3-0.1-0.1-0.2": 0.6578514827241587,
  "3-0.1-0.1-0.5": 0.7293447173788914,
  "3-0.2-0.1-0.1": 0.6647417987414574,
  "3-0.2-0.1-0.2": 0.749605360638469,
  "3-0.2-0.1-0.5": 0.7093117020609983,
  "3-0.5-0.1-0.1": 0.6673360614663918,
  "3-0.5-0.1-0.2": 0.5826556296700629,
  "3-0.5-0.1-0.5": 0.6592549713539849,
  "3-0.1-0.15-0.1": 0.698672043143634,
  "3-0.1-0.15-0.2": 0.7149263321328331,
  "3-0.1-0.15-0.5": 0.650263883251605,
  "3-0.2-0.15-0.1": 0.7053474588176865,
  "3-0.2-0.15-0.2": 0.704602942824131,
  "3-0.2-0.15-0.5": 0.5679657202685984,
  "3-0.5-0.15-0.1": 0.5712068254693697,
  "3-0.5-0.15-0.2": 0.638906712064249,
  "3-0.5-0.15-0.5": 0.6445078229926662,
  "3-0.1-0.2-0.1": 0.6889258289399229,
  "3-0.1-0.2-0.2": 0.689308377405774,
  "3-0.1-0.2-0.5": 0.621656907369491,
  "3-0.2-0.2-0.1": 0.6708720601068558,
  "3-0.2-0.2-0.2": 0.7077238312433599,
  "3-0.2-0.2-0.5": 0.6416664278370235,
  "3-0.5-0.2-0.1": 0.6169726047828259,
  "3-0.5-0.2-0.2": 0.551857585014801,
  "3-0.5-0.2-0.5": 0.5573440473100497,
  "3-0.1-0.25-0.1": 0.7321724157155505,
  "3-0.1-0.25-0.2": 0.7227901483306921,
  "3-0.1-0.25-0.5": 0.7000906928867221,
  "3-0.2-0.25-0.1": 0.7270477207723486,
  "3-0.2-0.25-0.2": 0.7291483606866829,
  "3-0.2-0.25-0.5": 0.6117697820410835,
  "3-0.5-0.25-0.1": 0.5796021449823492,
  "3-0.5-0.25-0.2": 0.5924464076832908,
  "3-0.5-0.25-0.5": 0.5632865710012214,
  "5-0.1-0.01-0.1": 1.019939864470314,
  "5-0.1-0.01-0.2": 1.0614166990913736,
  "5-0.1-0.01-0.5": 0.9267868723037729,
  "5-0.2-0.01-0.1": 0.8564623416148468,
  "5-0.2-0.01-0.2": 1.3006433539988722,
  "5-0.2-0.01-0.5": 1.114147650020959,
  "5-0.5-0.01-0.1": 0.8684101298298108,
  "5-0.5-0.01-0.2": 0.7802850808789785,
  "5-0.5-0.01-0.5": 0.9874849566401022,
  "5-0.1-0.05-0.1": 0.6261168396159931,
  "5-0.1-0.05-0.2": 0.5895294849979271,
  "5-0.1-0.05-0.5": 0.6504232515315538,
  "5-0.2-0.05-0.1": 0.6167453777193774,
  "5-0.2-0.05-0.2": 0.6961673927752089,
  "5-0.2-0.05-0.5": 0.7140097717651263,
  "5-0.5-0.05-0.1": 0.6055581726100958,
  "5-0.5-0.05-0.2": 0.5430238043812871,
  "5-0.5-0.05-0.5": 0.5903202751477543,
  "5-0.1-0.1-0.1": 0.628807764351476,
  "5-0.1-0.1-0.2": 0.6203267544894903,
  "5-0.1-0.1-0.5": 0.5177943229914328,
  "5-0.2-0.1-0.1": 0.5491867190254964,
  "5-0.2-0.1-0.2": 0.576899810291313,
  "5-0.2-0.1-0.5": 0.56573076525779,
  "5-0.5-0.1-0.1": 0.5124068491624254,
  "5-0.5-0.1-0.2": 0.6123724339223625,
  "5-0.5-0.1-0.5": 0.44166921692687333,
  "5-0.1-0.15-0.1": 0.6308544461682041,
  "5-0.1-0.15-0.2": 0.631372612518347,
  "5-0.1-0.15-0.5": 0.6052431623713632,
  "5-0.2-0.15-0.1": 0.5930608423274666,
  "5-0.2-0.15-0.2": 0.6010507065001873,
  "5-0.2-0.15-0.5": 0.5886262173210612,
  "5-0.5-0.15-0.1": 0.517375385824325,
  "5-0.5-0.15-0.2": 0.559865385425311,
  "5-0.5-0.15-0.5": 0.4807429319785167,
  "5-0.1-0.2-0.1": 0.625009890691189,
  "5-0.1-0.2-0.2": 0.6157291604429664,
  "5-0.1-0.2-0.5": 0.6231623376271193,
  "5-0.2-0.2-0.1": 0.6063482946236455,
  "5-0.2-0.2-0.2": 0.6373443855622675,
  "5-0.2-0.2-0.5": 0.5684982411480651,
  "5-0.5-0.2-0.1": 0.5942232951108488,
  "5-0.5-0.2-0.2": 0.59652090080248,
  "5-0.5-0.2-0.5": 0.49139756773599197,
  "5-0.1-0.25-0.1": 0.6669913700860419,
  "5-0.1-0.25-0.2": 0.6409983185259003,
  "5-0.1-0.25-0.5": 0.6184837944785316,
  "5-0.2-0.25-0.1": 0.639447933404687,
  "5-0.2-0.25-0.2": 0.6466975657145226,
  "5-0.2-0.25-0.5": 0.7085958851368204,
  "5-0.5-0.25-0.1": 0.6270810739408692,
  "5-0.5-0.25-0.2": 0.5939391683518479,
  "5-0.5-0.25-0.5": 0.5076020279954596
}