{
  "1-0.1-0.01-0.1": 0.8134335896445292,
  "1-0.1-0.01-0.2": 1.0562748426387425,
  "1-0.1-0.01-0.5": 0.7222006988765852,
  "1-0.2-0.01-0.1": 0.9832082926518574,
  "1-0.2-0.01-0.2": 0.9973171433487442,
  "1-0.2-0.01-0.5": 0.9568459834784246,
  "1-0.5-0.01-0.1": 1.013451801162986,
  "1-0.5-0.01-0.2": 1.116182568690607,
  "1-0.5-0.01-0.5": 1.004882848180535,
  "1-0.1-0.05-0.1": 0.996794707107292,
  "1-0.1-0.05-0.2": 0.9289000997315602,
  "1-0.1-0.05-0.5": 0.9602271292616755,
  "1-0.2-0.05-0.1": 0.8419406312757418,
  "1-0.2-0.05-0.2": 0.8916632924276836,
  "1-0.2-0.05-0.5": 0.9867048396168044,
  "1-0.5-0.05-0.1": 0.7622175529556899,
  "1-0.5-0.05-0.2": 0.8485315157104873,
  "1-0.5-0.05-0.5": 0.8216310947483316,
  "1-0.1-0.1-0.1": 0.6025618171202487,
  "1-0.1-0.1-0.2": 0.7109606587008279,
  "1-0.1-0.1-0.5": 0.7261930544596219,
  "1-0.2-0.1-0.1": 0.7513754462089404,
  "1-0.2-0.1-0.2": 0.67758151175589,
  "1-0.2-0.1-0.5": 0.673391466503822,
  "1-0.5-0.1-0.1": 0.5796979919575563,
  "1-0.5-0.1-0.2": 0.7135572442679559,
  "1-0.5-0.1-0.5": 0.656115825293181,
  "1-0.1-0.15-0.1": 0.4849728055345378,
  "1-0.1-0.15-0.2": 0.4496969073688505,
  "1-0.1-0.15-0.5": 0.6085872696862719,
  "1-0.2-0.15-0.1": 0.5659769340776666,
  "1-0.2-0.15-0.2": 0.5760348733459405,
  "1-0.2-0.15-0.5": 0.630062000439697,
  "1-0.5-0.15-0.1": 0.571800331640569,
  "1-0.5-0.15-0.2": 0.5784005139778206,
  "1-0.5-0.15-0.5": 0.5227457042970529,
  "1-0.1-0.2-0.1": 0.6177280378259455,
  "1-0.1-0.2-0.2": 0.6031695770077621,
  "1-0.1-0.2-0.5": 0.5228918777655436,
  "1-0.2-0.2-0.1": 0.48501153414402864,
  "1-0.2-0.2-0.2": 0.6980549899106756,
  "1-0.2-0.2-0.5": 0.551155632670332,
  "1-0.5-0.2-0.1": 0.5388628959215895,
  "1-0.5-0.2-0.2": 0.559803440858793,
  "1-0.5-0.2-0.5": 0.49395236623785765,
  "1-0.1-0.25-0.1": 0.518603215082013,
  "1-0.1-0.25-0.2": 0.4874681763184019,
  "1-0.1-0.25-0.5": 0.600083214381963,
  "1-0.2-0.25-0.1": 0.5744948099865205,
  "1-0.2-0.25-0.2": 0.5236914583267333,
  "1-0.2-0.25-0.5": 0.502622965860662,
  "1-0.5-0.25-0.1": 0.492511891595189,
  "1-0.5-0.25-0.2": 0.4059514466495804,
  "1-0.5-0.25-0.5": 0.4590311904382762,
  "3-0.1-0.01-0.1": 1.1660595665851594,
  "3-0.1-0.01-0.2": 0.8029841018004247,
  "3-0.1-0.01-0.5": 1.5310134258997985,
  "3-0.2-0.01-0.1": 1.2163140416422675,
  "3-0.2-0.01-0.2": 1.219170887911399,
  "3-0.2-0.01-0.5": 1.2744207395882092,
  "3-0.5-0.01-0.1": 0.9087585159410903,
  "3-0.5-0.01-0.2": 0.7720174924437563,
  "3-0.5-0.01-0.5": 0.9635003140237114,
  "3-0.1-0.05-0.1": 1.294784139854163,
  "3-0.1-0.05-0.2": 0.7285716106968083,
  "3-0.1-0.05-0.5": 1.0260495685318336,
  "3-0.2-0.05-0.1": 0.7928114964152544,
  "3-0.2-0.05-0.2": 0.8832103166450151,
  "3-0.2-0.05-0.5": 0.9157589199733343,
  "3-0.5-0.05-0.1": 1.1611271875294806,
  "3-0.5-0.05-0.2": 0.7957218341315928,
  "3-0.5-0.05-0.5": 0.9632244928849671,
  "3-0.1-0.1-0.1": 0.8765912443959332,
  "3-0.1-0.1-0.2": 0.6942174846012487,
  "3-0.1-0.1-0.5": 0.9723721101983184,
  "3-0.2-0.1-0.1": 0.6512555354440697,
  "3-0.2-0.1-0.2": 0.6775839989272441,
  "3-0.2-0.1-0.5": 0.7604928746202642,
  "3-0.5-0.1-0.1": 0.677560000838316,
  "3-0.5-0.1-0.2": 0.8657877475812175,
  "3-0.5-0.1-0.5": 1.1155940010561438,
  "3-0.1-0.15-0.1": 1.2152263808132366,
  "3-0.1-0.15-0.2": 0.8208572368678022,
  "3-0.1-0.15-0.5": 0.7231656055128399,
  "3-0.2-0.15-0.1": 1.4349657655050234,
  "3-0.2-0.15-0.2": 1.1985302507350697,
  "3-0.2-0.15-0.5": 0.8666932479398699,
  "3-0.5-0.15-0.1": 1.5482115904231473,
  "3-0.5-0.15-0.2": 0.7705547621730784,
  "3-0.5-0.15-0.5": 0.7230540768318571,
  "3-0.1-0.2-0.1": 0.9444576598429741,
  "3-0.1-0.2-0.2": 1.3193056580099654,
  "3-0.1-0.2-0.5": 0.6924846155571701,
  "3-0.2-0.2-0.1": 1.1425738226846587,
  "3-0.2-0.2-0.2": 0.9770879906937934,
  "3-0.2-0.2-0.5": 0.9649808551432937,
  "3-0.5-0.2-0.1": 0.9143730912596482,
  "3-0.5-0.2-0.2": 0.8350078250603019,
  "3-0.5-0.2-0.5": 0.6027892884936938,
  "3-0.1-0.25-0.1": 1.2718633139413125,
  "3-0.1-0.25-0.2": 0.8687367590480795,
  "3-0.1-0.25-0.5": 1.6727496576591652,
  "3-0.2-0.25-0.1": 0.8746188598999114,
  "3-0.2-0.25-0.2": 0.9982528045737741,
  "3-0.2-0.25-0.5": 0.7265268832906322,
  "3-0.5-0.25-0.1": 1.2382795315742832,
  "3-0.5-0.25-0.2": 1.3853768166877065,
  "3-0.5-0.25-0.5": 1.1761459640459315,
  "5-0.1-0.01-0.1": 0.9347631928738125,
  "5-0.1-0.01-0.2": 0.8125053630575536,
  "5-0.1-0.01-0.5": 0.5521047315988338,
  "5-0.2-0.01-0.1": 0.667088706592222,
  "5-0.2-0.01-0.2": 1.0980997720502903,
  "5-0.2-0.01-0.5": 0.7195598456029403,
  "5-0.5-0.01-0.1": 0.9784180724305139,
  "5-0.5-0.01-0.2": 0.9337622732722929,
  "5-0.5-0.01-0.5": 0.89346190383663,
  "5-0.1-0.05-0.1": 1.1099781685243604,
  "5-0.1-0.05-0.2": 0.8678482885835406,
  "5-0.1-0.05-0.5": 0.9747112930795531,
  "5-0.2-0.05-0.1": 0.8345832656470078,
  "5-0.2-0.05-0.2": 0.8149004361105389,
  "5-0.2-0.05-0.5": 1.0036097813005969,
  "5-0.5-0.05-0.1": 0.5022967492985433,
  "5-0.5-0.05-0.2": 0.8717703007236033,
  "5-0.5-0.05-0.5": 0.8089407805537482,
  "5-0.1-0.1-0.1": 2.343446945716912,
  "5-0.1-0.1-0.2": 1.2675083335203856,
  "5-0.1-0.1-0.5": 1.0096120617881077,
  "5-0.2-0.1-0.1": 1.228931479933937,
  "5-0.2-0.1-0.2": 1.779291479090081,
  "5-0.2-0.1-0.5": 0.9246390504032785,
  "5-0.5-0.1-0.1": 0.7147058372756401,
  "5-0.5-0.1-0.2": 0.9141864767041887,
  "5-0.5-0.1-0.5": 0.6421662457352783,
  "5-0.1-0.15-0.1": 1.0698988579759077,
  "5-0.1-0.15-0.2": 1.8514900674155161,
  "5-0.1-0.15-0.5": 1.0964474783035587,
  "5-0.2-0.15-0.1": 1.4411466035310334,
  "5-0.2-0.15-0.2": 1.6589602808659456,
  "5-0.2-0.15-0.5": 1.7273905297528898,
  "5-0.5-0.15-0.1": 1.578985179380957,
  "5-0.5-0.15-0.2": 0.7147108193441934,
  "5-0.5-0.15-0.5": 0.8422476377822287,
  "5-0.1-0.2-0.1": 1.754092361223088,
  "5-0.1-0.2-0.2": 2.3572670452116293,
  "5-0.1-0.2-0.5": 2.7287836247726878,
  "5-0.2-0.2-0.1": 1.1277721516189252,
  "5-0.2-0.2-0.2": 1.7814512360065442,
  "5-0.2-0.2-0.5": 2.021816771409744,
  "5-0.5-0.2-0.1": 2.1988222600787632,
  "5-0.5-0.2-0.2": 1.067568289577285,
  "5-0.5-0.2-0.5": 0.7996594382797533,
  "5-0.1-0.25-0.1": 1.8101575647922945,
  "5-0.1-0.25-0.2": 2.6679270880311363,
  "5-0.1-0.25-0.5": 1.3967569403923257,
  "5-0.2-0.25-0.1": 1.9664064324592865,
  "5-0.2-0.25-0.2": 1.3988534794705083,
  "5-0.2-0.25-0.5": 2.324129042564297,
  "5-0.5-0.25-0.1": 1.2936296840722603,
  "5-0.5-0.25-0.2": 1.2169815761936627,
  "5-0.5-0.25-0.5": 0.7664294447665646
}